{"graph": {"_type": "graph-file", "path": "media/graph/graph_summary_8c6c5087.graph.json", "sha256": "8c6c5087e95a7465e112fbe7845a50db98e49a8016846ad9bdc46b450957e9c1", "size": 1292}, "epoch": 10, "examples": {"width": 28, "height": 28, "format": "png", "count": 4, "_type": "images", "captions": ["0: 0.5549682974815369", "O: 0.49429208040237427", "0: 0.4714548885822296", "0: 0.6151622533798218"]}, "_step": 11, "accuracy": 0.7345606088638306, "_timestamp": 1605101008.2002678, "loss": 0.7757533192634583, "val_loss": 0.6339528560638428, "_runtime": 221.55955386161804, "val_accuracy": 0.7726254463195801, "best_val_loss": 0.6339528560638428, "best_epoch": 10, "test_metric": 0.7726254279517467}
