{"graph": {"_type": "graph-file", "path": "media/graph/graph_summary_32fe4a7e.graph.json", "sha256": "32fe4a7e1c76b9118a82396cf5573cd027de20d5fc672ee36d930809d3623db0", "size": 1008}, "val_accuracy": 0.7367043495178223, "loss": 1.1802033185958862, "epoch": 1, "_runtime": 72.67849159240723, "examples": {"width": 28, "height": 28, "format": "png", "count": 4, "_type": "images", "captions": ["0: 0.45160573720932007", "O: 0.5125013589859009", "0: 0.5427660942077637", "0: 0.5270674824714661"]}, "accuracy": 0.6370164752006531, "_step": 1, "_timestamp": 1605101595.83273, "val_loss": 0.7808886766433716, "best_val_loss": 0.7808886766433716, "best_epoch": 1}
