{"graph": {"_type": "graph-file", "path": "media/graph/graph_summary_0ba15979.graph.json", "sha256": "0ba15979f883ab270dbf2053f6bf4a30637fddadf38cc908e3fbc66fa4c01b60", "size": 1292}, "epoch": 4, "val_loss": 0.09478309750556946, "_timestamp": 1606033997.1366928, "accuracy": 0.9716970920562744, "examples": {"width": 28, "height": 28, "format": "png", "count": 4, "_type": "images", "captions": ["0: 0.9999997615814209", "0: 0.9999037981033325", "0: 0.9999884366989136", "0: 0.9999946355819702"]}, "_step": 5, "_runtime": 158.63110971450806, "val_accuracy": 0.9743074178695679, "loss": 0.09818100929260254, "best_val_loss": 0.08852475881576538, "best_epoch": 3, "test_metric": 0.9743074416078218}
