{"graph": {"_type": "graph-file", "path": "media/graph/graph_summary_8c6c5087.graph.json", "sha256": "8c6c5087e95a7465e112fbe7845a50db98e49a8016846ad9bdc46b450957e9c1", "size": 1292}, "val_accuracy": 0.9626833200454712, "_runtime": 128.81484651565552, "loss": 0.2789885103702545, "accuracy": 0.9330858588218689, "_timestamp": 1606034651.3636274, "_step": 5, "examples": {"width": 28, "height": 28, "format": "png", "count": 4, "_type": "images", "captions": ["0: 1.0", "0: 0.9995061159133911", "0: 1.0", "0: 0.9999635219573975"]}, "val_loss": 0.14386659860610962, "epoch": 4, "best_val_loss": 0.14386659860610962, "best_epoch": 4, "test_metric": 0.9626833242802825}
