{"graph": {"_type": "graph-file", "path": "media/graph/graph_summary_fb230e38.graph.json", "sha256": "fb230e384089e2b178559a306a5bd2e7dd144450bb4ae8289a1654bfa5d3b054", "size": 2144}, "epoch": 4, "_step": 5, "loss": 0.4645104706287384, "_timestamp": 1606035721.4114094, "examples": {"width": 28, "height": 28, "format": "png", "count": 4, "_type": "images", "captions": ["0: 1.0", "0: 0.9986114501953125", "0: 1.0", "0: 0.9998822212219238"]}, "accuracy": 0.9215970635414124, "val_loss": 0.18496865034103394, "_runtime": 307.14005398750305, "val_accuracy": 0.955676257610321, "best_val_loss": 0.17859512567520142, "best_epoch": 3, "test_metric": 0.9556762629005975}
