{"graph": {"_type": "graph-file", "path": "media/graph/graph_summary_fb230e38.graph.json", "sha256": "fb230e384089e2b178559a306a5bd2e7dd144450bb4ae8289a1654bfa5d3b054", "size": 2144}, "examples": {"width": 28, "height": 28, "format": "png", "count": 4, "_type": "images", "captions": ["0: 1.0", "0: 1.0", "0: 1.0", "0: 1.0"]}, "epoch": 4, "_step": 5, "accuracy": 0.9646416306495667, "_runtime": 215.0373830795288, "loss": 0.15203672647476196, "val_accuracy": 0.9689299464225769, "val_loss": 0.11697985231876373, "_timestamp": 1606034509.1145377, "best_val_loss": 0.11697985231876373, "best_epoch": 4, "test_metric": 0.9689299293862031}
