{"graph": {"_type": "graph-file", "path": "media/graph/graph_summary_57866804.graph.json", "sha256": "5786680474160e054010cb1d81aab33b344ce8718a0d395a389daa23b6d3fe22", "size": 1576}, "loss": 0.7880672812461853, "_step": 16, "examples": {"width": 28, "height": 28, "format": "png", "count": 4, "_type": "images", "captions": ["0: 0.5664549469947815", "O: 0.5764552354812622", "0: 0.5143572092056274", "0: 0.6607486605644226"]}, "val_accuracy": 0.7693989872932434, "_runtime": 334.2588710784912, "val_loss": 0.6437767148017883, "epoch": 15, "_timestamp": 1606030453.0162873, "accuracy": 0.7346468567848206, "best_val_loss": 0.6320854425430298, "best_epoch": 14, "test_metric": 0.7693989854630842}
