{"graph": {"_type": "graph-file", "path": "media/graph/graph_summary_fb230e38.graph.json", "sha256": "fb230e384089e2b178559a306a5bd2e7dd144450bb4ae8289a1654bfa5d3b054", "size": 2144}, "_runtime": 214.5082025527954, "examples": {"width": 28, "height": 28, "format": "png", "count": 4, "_type": "images", "captions": ["0: 1.0", "0: 0.9999945163726807", "0: 0.9999998807907104", "0: 0.9999911785125732"]}, "epoch": 4, "loss": 0.2539742887020111, "_timestamp": 1606035947.3994577, "val_loss": 0.15293386578559875, "val_accuracy": 0.9632264971733093, "_step": 5, "accuracy": 0.943637490272522, "best_val_loss": 0.14634811878204346, "best_epoch": 3, "test_metric": 0.9632265073329712}
