{"graph": {"_type": "graph-file", "path": "media/graph/graph_summary_8c6c5087.graph.json", "sha256": "8c6c5087e95a7465e112fbe7845a50db98e49a8016846ad9bdc46b450957e9c1", "size": 1292}, "val_accuracy": 0.9722976684570312, "_step": 5, "accuracy": 0.9611184000968933, "loss": 0.13539861142635345, "_timestamp": 1606033331.7627168, "val_loss": 0.0920465737581253, "_runtime": 97.2934181690216, "epoch": 4, "examples": {"width": 28, "height": 28, "format": "png", "count": 4, "_type": "images", "captions": ["0: 0.9999814033508301", "0: 0.9991994500160217", "0: 0.9999966621398926", "0: 0.9970205426216125"]}, "best_val_loss": 0.0920465737581253, "best_epoch": 4, "test_metric": 0.9722976643128735}
