{"graph": {"_type": "graph-file", "path": "media/graph/graph_summary_fb230e38.graph.json", "sha256": "fb230e384089e2b178559a306a5bd2e7dd144450bb4ae8289a1654bfa5d3b054", "size": 2144}, "val_loss": 0.1453063040971756, "loss": 0.32281559705734253, "_runtime": 274.8226945400238, "epoch": 4, "val_accuracy": 0.9687126278877258, "accuracy": 0.9462506175041199, "_timestamp": 1606034283.284135, "examples": {"width": 28, "height": 28, "format": "png", "count": 4, "_type": "images", "captions": ["0: 1.0", "0: 1.0", "0: 1.0", "0: 1.0"]}, "_step": 5, "best_val_loss": 0.1453063040971756, "best_epoch": 4, "test_metric": 0.9687126561651277}
