{"graph": {"_type": "graph-file", "path": "media/graph/graph_summary_32908431.graph.json", "sha256": "329084312c76103c0ba7d3d2ba323f927bcaa953d45ae2e349a599617e0d10f9", "size": 2144}, "_timestamp": 1606033499.6199908, "loss": 0.21115194261074066, "val_loss": 0.1316748857498169, "epoch": 4, "examples": {"width": 28, "height": 28, "format": "png", "count": 4, "_type": "images", "captions": ["0: 1.0", "0: 0.9973468780517578", "0: 1.0", "0: 0.9999477863311768"]}, "_step": 5, "accuracy": 0.9527474045753479, "val_accuracy": 0.9697446823120117, "_runtime": 158.80812215805054, "best_val_loss": 0.1316748857498169, "best_epoch": 4, "test_metric": 0.9697447039652363}
