{"graph": {"_type": "graph-file", "path": "media/graph/graph_summary_0ba15979.graph.json", "sha256": "0ba15979f883ab270dbf2053f6bf4a30637fddadf38cc908e3fbc66fa4c01b60", "size": 1292}, "_runtime": 211.33608102798462, "_step": 5, "accuracy": 0.9466200470924377, "_timestamp": 1606035248.1594045, "epoch": 4, "val_loss": 0.13954588770866394, "loss": 0.24871014058589935, "val_accuracy": 0.9662683606147766, "examples": {"width": 28, "height": 28, "format": "png", "count": 4, "_type": "images", "captions": ["0: 1.0", "0: 0.9980277419090271", "0: 1.0", "0: 0.9999951124191284"]}, "best_val_loss": 0.13485418260097504, "best_epoch": 2, "test_metric": 0.9662683324280282}
