{"graph": {"_type": "graph-file", "path": "media/graph/graph_summary_32908431.graph.json", "sha256": "329084312c76103c0ba7d3d2ba323f927bcaa953d45ae2e349a599617e0d10f9", "size": 2144}, "_runtime": 112.3749041557312, "val_loss": 0.19754788279533386, "_timestamp": 1606035026.9563022, "epoch": 4, "examples": {"width": 28, "height": 28, "format": "png", "count": 4, "_type": "images", "captions": ["0: 0.9999547004699707", "0: 0.9949827194213867", "0: 0.9999164342880249", "0: 0.9702162146568298"]}, "_step": 5, "loss": 0.34536153078079224, "val_accuracy": 0.9494839906692505, "accuracy": 0.9192272424697876, "best_val_loss": 0.19754788279533386, "best_epoch": 4, "test_metric": 0.9494839760999457}
