{"graph": {"_type": "graph-file", "path": "media/graph/graph_summary_57866804.graph.json", "sha256": "5786680474160e054010cb1d81aab33b344ce8718a0d395a389daa23b6d3fe22", "size": 1576}, "examples": {"width": 28, "height": 28, "format": "png", "count": 4, "_type": "images", "captions": ["0: 0.16100473701953888", "0: 0.06307554990053177", "0: 0.11324607580900192", "0: 0.0876154974102974"]}, "epoch": 0, "_step": 0, "val_accuracy": 0.3663804829120636, "loss": 3.5240163803100586, "accuracy": 0.16394637525081635, "_runtime": 56.295031785964966, "_timestamp": 1605101579.439703, "val_loss": 2.7928054332733154, "best_val_loss": 2.7928054332733154, "best_epoch": 0}
