{"graph": {"_type": "graph-file", "path": "media/graph/graph_summary_8c6c5087.graph.json", "sha256": "8c6c5087e95a7465e112fbe7845a50db98e49a8016846ad9bdc46b450957e9c1", "size": 1292}, "examples": {"width": 28, "height": 28, "format": "png", "count": 4, "_type": "images", "captions": ["0: 0.5961424112319946", "O: 0.44182831048965454", "0: 0.5454620718955994", "0: 0.6882269382476807"]}, "val_loss": 0.6114184856414795, "_runtime": 204.48384952545166, "val_accuracy": 0.7769811153411865, "epoch": 11, "accuracy": 0.7406831383705139, "_timestamp": 1605101460.9639752, "loss": 0.7424799799919128, "_step": 12, "best_val_loss": 0.6114184856414795, "best_epoch": 11, "test_metric": 0.7769811253114414}
