{"graph": {"_type": "graph-file", "path": "media/graph/graph_summary_0ba15979.graph.json", "sha256": "0ba15979f883ab270dbf2053f6bf4a30637fddadf38cc908e3fbc66fa4c01b60", "size": 1292}, "examples": {"width": 28, "height": 28, "format": "png", "count": 4, "_type": "images", "captions": ["0: 1.0", "0: 0.9999980926513672", "0: 1.0", "0: 1.0"]}, "val_accuracy": 0.9735469818115234, "loss": 0.15821000933647156, "_step": 5, "_runtime": 193.79180574417114, "val_loss": 0.11905539035797119, "accuracy": 0.9637495875358582, "_timestamp": 1606033825.610507, "epoch": 4, "best_val_loss": 0.10620473325252533, "best_epoch": 3, "test_metric": 0.9735469853340576}
