{"graph": {"_type": "graph-file", "path": "media/graph/graph_summary_f620def1.graph.json", "sha256": "f620def1dc62da4bafd3311a8af0b5ed329352eb81a4dfc217e1ce0cbb53220e", "size": 1513}, "accuracy": 0.43926388025283813, "epoch": 0, "_timestamp": 1606031057.4709718, "val_loss": 1.410997748374939, "val_accuracy": 0.6234562397003174, "loss": 2.3605926036834717, "_runtime": 757.3173246383667, "_step": 0, "examples": {"width": 28, "height": 28, "format": "png", "count": 4, "_type": "images", "captions": ["0: 0.8199015855789185", "0: 0.7111383676528931", "0: 0.761417806148529", "0: 0.8177808523178101"]}, "best_val_loss": 1.410997748374939, "best_epoch": 0}
