{"graph": {"_type": "graph-file", "path": "media/graph/graph_summary_f620def1.graph.json", "sha256": "f620def1dc62da4bafd3311a8af0b5ed329352eb81a4dfc217e1ce0cbb53220e", "size": 1513}, "accuracy": 0.7939690351486206, "epoch": 4, "_timestamp": 1606037229.062351, "val_loss": 0.5225375890731812, "val_accuracy": 0.8092634677886963, "loss": 0.5772834420204163, "_runtime": 6928.908703804016, "_step": 4, "examples": {"width": 28, "height": 28, "format": "png", "count": 4, "_type": "images", "captions": ["0: 0.504637598991394", "O: 0.6228391528129578", "0: 0.45080727338790894", "0: 0.6918191313743591"]}, "best_val_loss": 0.5208108425140381, "best_epoch": 3}
