{"graph": {"_type": "graph-file", "path": "media/graph/graph_summary_f620def1.graph.json", "sha256": "f620def1dc62da4bafd3311a8af0b5ed329352eb81a4dfc217e1ce0cbb53220e", "size": 1513}, "accuracy": 0.7963716983795166, "epoch": 5, "_timestamp": 1606038427.5515566, "val_loss": 0.5185261368751526, "val_accuracy": 0.8083672523498535, "loss": 0.572428286075592, "_runtime": 8127.397909402847, "_step": 6, "examples": {"width": 28, "height": 28, "format": "png", "count": 4, "_type": "images", "captions": ["0: 0.49861061573028564", "O: 0.5703466534614563", "0: 0.5570727586746216", "0: 0.6698062419891357"]}, "best_val_loss": 0.5185261368751526, "best_epoch": 5, "test_metric": 0.8083672408539317}
