{"graph": {"_type": "graph-file", "path": "media/graph/graph_summary_32fe4a7e.graph.json", "sha256": "32fe4a7e1c76b9118a82396cf5573cd027de20d5fc672ee36d930809d3623db0", "size": 1008}, "epoch": 9, "loss": 0.7479339241981506, "_timestamp": 1606030293.8277576, "accuracy": 0.7424821257591248, "_runtime": 175.0753402709961, "val_loss": 0.6227014064788818, "examples": {"width": 28, "height": 28, "format": "png", "count": 4, "_type": "images", "captions": ["0: 0.5627028346061707", "O: 0.5138565301895142", "0: 0.5533304810523987", "0: 0.5837160348892212"]}, "val_accuracy": 0.7770707607269287, "_step": 10, "best_val_loss": 0.6227014064788818, "best_epoch": 9, "test_metric": 0.7770707487139041}
