{"graph": {"_type": "graph-file", "path": "media/graph/graph_summary_0ba15979.graph.json", "sha256": "0ba15979f883ab270dbf2053f6bf4a30637fddadf38cc908e3fbc66fa4c01b60", "size": 1292}, "examples": {"width": 28, "height": 28, "format": "png", "count": 4, "_type": "images", "captions": ["0: 1.0", "0: 0.99893718957901", "0: 0.9999586343765259", "0: 0.9990690350532532"]}, "accuracy": 0.955585777759552, "_step": 5, "val_loss": 0.10241352021694183, "val_accuracy": 0.9708310961723328, "_timestamp": 1606035405.3284051, "loss": 0.17118167877197266, "_runtime": 145.27298712730408, "epoch": 4, "best_val_loss": 0.10241352021694183, "best_epoch": 4, "test_metric": 0.9708310700706138}
