{"graph": {"_type": "graph-file", "path": "media/graph/graph_summary_32908431.graph.json", "sha256": "329084312c76103c0ba7d3d2ba323f927bcaa953d45ae2e349a599617e0d10f9", "size": 2144}, "val_accuracy": 0.9463335275650024, "examples": {"width": 28, "height": 28, "format": "png", "count": 4, "_type": "images", "captions": ["0: 0.9999992847442627", "0: 0.9201797246932983", "0: 0.9999980926513672", "0: 0.9979047775268555"]}, "loss": 0.41184714436531067, "_step": 5, "_timestamp": 1606034905.309588, "accuracy": 0.912009596824646, "val_loss": 0.2217780351638794, "epoch": 4, "_runtime": 144.22074723243713, "best_val_loss": 0.2217780351638794, "best_epoch": 4, "test_metric": 0.9463335143943509}
