{"graph": {"_type": "graph-file", "path": "media/graph/graph_summary_32908431.graph.json", "sha256": "329084312c76103c0ba7d3d2ba323f927bcaa953d45ae2e349a599617e0d10f9", "size": 2144}, "val_accuracy": 0.9672460556030273, "_runtime": 111.87908029556274, "loss": 0.17394901812076569, "epoch": 4, "val_loss": 0.12782131135463715, "accuracy": 0.9555227160453796, "_step": 5, "examples": {"width": 28, "height": 28, "format": "png", "count": 4, "_type": "images", "captions": ["0: 0.9999973773956299", "0: 0.9999581575393677", "0: 0.9999889135360718", "0: 0.9998863935470581"]}, "_timestamp": 1606033622.1258883, "best_val_loss": 0.12630543112754822, "best_epoch": 3, "test_metric": 0.967246061922868}
