{"graph": {"_type": "graph-file", "path": "media/graph/graph_summary_8c6c5087.graph.json", "sha256": "8c6c5087e95a7465e112fbe7845a50db98e49a8016846ad9bdc46b450957e9c1", "size": 1292}, "examples": {"width": 28, "height": 28, "format": "png", "count": 4, "_type": "images", "captions": ["0: 0.9999990463256836", "0: 0.9959958791732788", "0: 0.9999996423721313", "0: 0.9902120232582092"]}, "val_accuracy": 0.9687126278877258, "_step": 5, "val_loss": 0.11391791701316833, "epoch": 4, "accuracy": 0.958234965801239, "_runtime": 138.47341752052307, "loss": 0.15469451248645782, "_timestamp": 1606033224.2779229, "best_val_loss": 0.11364395171403885, "best_epoch": 3, "test_metric": 0.9687126561651277}
