{"graph": {"_type": "graph-file", "path": "media/graph/graph_summary_8c6c5087.graph.json", "sha256": "8c6c5087e95a7465e112fbe7845a50db98e49a8016846ad9bdc46b450957e9c1", "size": 1292}, "_runtime": 91.35959029197693, "val_loss": 0.1280454695224762, "examples": {"width": 28, "height": 28, "format": "png", "count": 4, "_type": "images", "captions": ["0: 0.9999982118606567", "0: 0.9931285381317139", "0: 0.9998512268066406", "0: 0.9974217414855957"]}, "_step": 5, "accuracy": 0.9378435611724854, "_timestamp": 1606034751.6360447, "loss": 0.23230476677417755, "epoch": 4, "val_accuracy": 0.9638240337371826, "best_val_loss": 0.1280454695224762, "best_epoch": 4, "test_metric": 0.9638240086909289}
