{"graph": {"_type": "graph-file", "path": "media/graph/graph_summary_8c6c5087.graph.json", "sha256": "8c6c5087e95a7465e112fbe7845a50db98e49a8016846ad9bdc46b450957e9c1", "size": 1292}, "val_accuracy": 0.7795981168746948, "loss": 0.7246363759040833, "accuracy": 0.7458065748214722, "_timestamp": 1606029687.3527958, "val_loss": 0.6036404371261597, "_step": 15, "epoch": 14, "examples": {"width": 28, "height": 28, "format": "png", "count": 4, "_type": "images", "captions": ["0: 0.529323399066925", "O: 0.4410327076911926", "0: 0.4614473581314087", "0: 0.6840122938156128"]}, "_runtime": 133.3181655406952, "best_val_loss": 0.6014640927314758, "best_epoch": 13, "test_metric": 0.7795981286633565}
